stories_id,publish_date,title,url,language,ap_syndicated,themes,media_id,media_name,media_url
"49661103","2025-08-27 00:04:51","Oil giant Petrobras return is key gain of Tinubu’s Brazil visit","https://thenationonlineng.net/oil-giant-petrobras-return-is-key-gain-of-tinubus-brazil-visit/","en","False","international relations, international trade and world market, politics and government, oil (petroleum) and gasoline, airlines and airplanes","320","The Nation Newspaper","https://thenationonlineng.net"
"49661246","2025-08-27 01:48:43","Dubai-based Leva Hotels to debut in Zimbabwe","http://bulawayo24.com/news/national/256767","en","False","travel and vacations, hotels and motels","9962","Bulawayo24","http://www.bulawayo24.com/"
"49662050","2025-08-27 02:14:01","US slaps 50% tariffs on India, among highest in the world","https://www.moneyweb.co.za/news/international/us-slaps-50-tariffs-on-india-among-highest-in-the-world/","en","False","economic conditions and trends, international trade and world market, politics and government, taxation, oil (petroleum) and gasoline, customs (tariff)","508","Moneyweb","https://www.moneyweb.co.za"
"49662227","2025-08-27 02:07:47","Russia outsmarts France with nuclear power move in Niger","https://www.namibian.com.na/russia-outsmarts-france-with-nuclear-power-move-in-niger/","en","False","international trade and world market, electric light and power, light, energy and power, atomic energy","1728","namibian.com.na","http://namibian.com.na/"
"49662594","2025-08-27 01:00:00","Nigerian Newspapers: Top Stories For Today (27/08/25)","https://independent.ng/nigerian-newspapers-top-stories-for-today-27-08-25/","en","False","politics and government","402","Independent Newspapers Nigeria","https://www.independent.ng"
"49662622","2025-08-27 02:59:53","All the companies that made Ramaphosa a billionaire","https://mybroadband.co.za/news/business/608337-all-the-companies-that-made-ramaphosa-a-billionaire-2.html","en","False","economic conditions and trends, finances, labor, biographical information, appointments and executive changes, executives and management","480","MyBroadband","http://mybroadband.co.za/"
"49662719","2025-08-27 03:43:49","Judge Frank Caprio: Exemplar of the Hero in Public Service","https://thenews-chronicle.com/judge-frank-caprio-exemplar-of-the-hero-in-public-service/","en","False","media, biographical information, television","299","The News Chronicle","https://thenews-chronicle.com"
"49663041","2025-08-27 02:56:37","Africa: All of Africa Today - August 27, 2025","https://allafrica.com/stories/202508270053.html","en","False","medicine and health, immigration and refugees, women, water","1556","allafrica.com","http://allafrica.com/"
"49663323","2025-08-27 04:12:51","Exports to SADC nearly double in 4 years","https://dailynews.co.tz/exports-to-sadc-nearly-double-in-4-years/?utm_source=rss&utm_medium=rss&utm_campaign=exports-to-sadc-nearly-double-in-4-years","en","False","economic conditions and trends, international trade and world market, currency","5006","Dailynews","https://dailynews.co.tz/"
"49663915","2025-08-27 03:10:47","Trump signals willingness to meet Kim Jong Un this year","https://zambianobserver.com/trump-signals-willingness-to-meet-kim-jong-un-this-year/","en","False","international relations, politics and government, united states politics and government, united states international relations, armament, defense and military forces, atomic weapons","7914","zambianobserver.com","http://zambianobserver.com/"
"49663955","2025-08-27 04:38:26","LCCI and Partners Urge Global Investors to Harness Nigeria’s Economic Potential","https://www.theinfostride.com/lcci-and-partners-urge-global-investors-to-harness-nigerias-economic-potential/","en","False","economic conditions and trends, international trade and world market, finances, banks and banking, foreign investments","213","The InfoStride","https://www.theinfostride.com"
"49664013","2025-08-27 04:24:10","China Focus: China pilots use of NEVs as mobile power banks to benefit citizens, grids","https://africannewsagency.com/china-focus-china-pilots-use-of-nevs-as-mobile-power-banks-to-benefit-citizens-grids/","en","False","prices (fares, fees and rates), electric light and power, light, energy and power, automobiles","529","ANA Africa","https://www.africannewsagency.com"
"49664044","2025-08-27 04:37:48","Govt’s move to ease GIPC restrictions a boost for investment – PNP","https://www.myjoyonline.com/govts-move-to-ease-gipc-restrictions-a-boost-for-investment-pnp/","en","False","economic conditions and trends, prices (fares, fees and rates), international trade and world market, finances, law and legislation, foreign investments, stocks and bonds","3036","Joy News","http://myjoyonline.com/"
"49664510","2025-08-27 05:00:00","Following the Sounds of Arabic to Rediscover Paris","https://www.nytimes.com/2025/08/27/travel/paris-arabic-language-literature-music.html","en","False","religion and churches, language and languages, art, books and literature","510","News South Africa","https://news.co.za"
"49664637","2025-08-27 05:05:42","Everything a doctor who studies gut health and colon cancer ate in 2 weeks","https://www.businessinsider.com/diet-doctor-how-gut-health-prevent-lowers-colon-cancer-risk-2025-8","en","False","food, diet and nutrition, medicine and health, diseases and conditions","497","Business Insider South Africa","https://www.businessinsider.co.za"
"49665002","2025-08-27 05:32:20","Tanzania to attend BRICS+ Fashion Summit in Moscow","https://dailynews.co.tz/tanzania-to-attend-brics-fashion-summit-in-moscow/?utm_source=rss&utm_medium=rss&utm_campaign=tanzania-to-attend-brics-fashion-summit-in-moscow","en","False","international trade and world market, apparel","5006","Dailynews","https://dailynews.co.tz/"
"49665849","2025-08-27 02:54:43","Meru: Civil engineering student sells boiled eggs after failing to land job after campus","https://www.tuko.co.ke/people/family/600952-meru-civil-engineering-student-sells-boiled-eggs-failing-land-job-campus/","en","False","colleges and universities, education and schools, labor","111","TUKO","https://www.tuko.co.ke"
"49666078","2025-08-27 06:10:00","South African company gutted by State Capture sued over R625-million contract","https://mybroadband.co.za/news/business/608536-south-african-company-gutted-by-state-capture-sued-over-r625-million-contract.html","en","False","no index terms from nytimes","510","News South Africa","https://news.co.za"
"49666093","2025-08-27 02:56:37","All of Africa Today - August 27, 2025","https://allafrica.com/stories/202508270053.html","en","False","medicine and health, immigration and refugees, women, population, water","4790","Uganda -- Home","https://allafrica.com/uganda/"
"49666134","2025-08-27 06:01:49","Nigeria’s industrialisation imperative – Punch","https://thecitizenng.com/nigerias-industrialisation-imperative-punch/","en","False","economic conditions and trends, finances","297","TheCitizen","https://thecitizenng.com"
"49666250","2025-08-27 02:30:59","Russia outsmarts France with nuclear power move in Niger","https://fiilafmonline.com/russia-outsmarts-france-with-nuclear-power-move-in-niger/","en","False","international trade and world market, electric light and power, light, energy and power, atomic energy","10139","Fiila FM","http://fiilafmonline.com/"
"49666538","2025-08-27 06:23:50","SA delegation to attend BRICS+ Fashion Summit in Moscow","https://www.citizen.co.za/lifestyle/sa-delegation-to-attend-brics-fashion-summit-in-moscow/","en","False","apparel, trade shows and fairs","561","The Citizen ","https://citizen.co.za"
"49666623","2025-08-27 04:28:34","How to reach SHEIN customer service in South Africa fast","https://briefly.co.za/facts-lifehacks/services/222670-how-reach-shein-customer-service-south-africa-fast/","en","False","computers and the internet","496","Briefly SA","https://briefly.co.za"
"49666730","2025-08-27 05:00:45","Following the Sounds of Arabic to Rediscover Paris","https://www.nytimes.com/2025/08/27/travel/paris-arabic-language-literature-music.html","en","False","religion and churches, language and languages, art, books and literature","9961","B-Metro","http://www.b-metro.co.zw/"
"49667029","2025-08-27 06:32:43","Matteo Jorgenson, Neilson Powless and Kristen Faulkner all to skip Rwanda World Championships for USA","https://www.cyclingweekly.com/racing/matteo-jorgenson-neilson-powless-and-kristen-faulkner-all-to-skip-rwanda-world-championships-for-usa","en","False","bicycles and bicycling, race","235","Naija News Today","https://www.yohaig.ng"
"49667098","2025-08-27 06:10:14","South African company gutted by State Capture sued over R625-million contract","https://mybroadband.co.za/news/business/608536-south-african-company-gutted-by-state-capture-sued-over-r625-million-contract.html","en","False","no index terms from nytimes","480","MyBroadband","http://mybroadband.co.za/"
"49667161","2025-08-27 02:45:11","Comment on Docenti Global Business School’s Prof. Humphrey Akanazu Shares How International Education Model Transformed Nigeria’s Academic Landscape, Promotes Economic Development by Ifeoluwa","https://www.thisdaylive.com/2025/08/19/docenti-global-business-schools-prof-humphrey-akanazu-shares-how-international-education-model-transformed-nigerias-academic-landscape-promotes-economic-development/#comment-315961","en","False","education and schools, economic conditions and trends, finances","324","THISDAYLIVE","https://www.thisdaylive.com"
"49667164","2025-08-27 07:06:00","Was it a Women’s month like any other?","https://www.iamyouth.co.za/was-it-a-womens-month-like-any-other/?utm_source=rss&utm_medium=rss&utm_campaign=was-it-a-womens-month-like-any-other","en","False","women","13594","Youth Centre | I Am Youth","https://www.iamyouth.co.za/"
"49667166","2025-08-27 07:06:00","Was it a Women’s month like any other?","https://www.iamyouth.co.za/was-it-a-womens-month-like-any-other/?utm_source=rss&utm_medium=rss&utm_campaign=was-it-a-womens-month-like-any-other","en","False","women","12475","I AM Youth","https://www.iamymovement.co.za/"
"49667690","2025-08-27 07:04:22","Letter to the President & Minister of Foreign Affairs: Containing France: A shield for Ghana’s sovereignty","https://www.myjoyonline.com/letter-to-the-president-minister-of-foreign-affairs-containing-france-a-shield-for-ghanas-sovereignty/","en","False","economic conditions and trends, international relations, finances, politics and government, united states politics and government, united states international relations","3036","Joy News","http://myjoyonline.com/"
"49669846","2025-08-27 05:55:06","From Mary Ryan Ravenel to reality TV romance: Thomas Ravenel's dating life","https://briefly.co.za/facts-lifehacks/celebrities-biographies/223041-from-mary-ryan-ravenel-reality-tv-romance-thomas-ravenels-dating-life/","en","False","marriages","496","Briefly SA","https://briefly.co.za"
"49670268","2025-08-27 07:01:25","Southern Africa: Exports to SADC Nearly Double in 4 Years","https://allafrica.com/stories/202508270243.html","en","False","economic conditions and trends, international trade and world market, currency","1556","allafrica.com","http://allafrica.com/"
"49670264","2025-08-27 06:26:15","Senegal: France and Senegal Look to Reset Ties As Macron Hosts Faye in Paris","https://allafrica.com/stories/202508270188.html","en","False","politics and government","1556","allafrica.com","http://allafrica.com/"
"49670375","2025-08-27 08:18:57","PNP Backs Mahama’s Move To Ease GIPC Restrictions To Boost Foreign Investment","https://metrotvonline.com/pnp-backs-mahamas-move-to-ease-gipc-restrictions-to-boost-foreign-investment/","en","False","prices (fares, fees and rates), international trade and world market, finances, foreign investments","10097","Metro TV ","https://metrotvonline.com/"
"49670523","2025-08-27 08:37:14","Senegalese president looks to reset ties in Paris meeting with French counterpart","https://ahotoronline.com/senegalese-president-looks-to-reset-ties-in-paris-meeting-with-french-counterpart/","en","False","international relations, politics and government, united states politics and government, united states international relations, armament, defense and military forces, war and revolution","10171","Ahotor FM","https://ahotoronline.com/"
"49671045","2025-08-27 08:51:39","Futures Flat, Dollar Jumps Ahead Of Nvidia's Critical Earnings","https://www.zerohedge.com/market-recaps/futures-flat-dollar-jumps-ahead-nvidias-critical-earnings","en","False","finances, stocks and bonds","5105","Zerohedge","https://www.zerohedge.com/"
"49671597","2025-08-27 09:23:44","Challenging the untouchable: South Africa’s growing call for reform - Katzenellenbogen","https://www.biznews.com/leadership/sas-growing-call-reform-katzenellenbogen","en","False","discrimination, computers and the internet","495","Biznews","https://www.biznews.com"
"49671529","2025-08-27 07:59:04","Experts urge youth to take lead in driving SDGs, national development","https://thenationonlineng.net/experts-urge-youth-to-take-lead-in-driving-sdgs-national-development/","en","False","","320","The Nation Newspaper","https://thenationonlineng.net"
"49671609","2025-08-27 08:58:44","Aiyedatiwa Woos US Investors To Ondo","https://newtelegraphng.com/aiyedatiwa-woos-us-investors-to-ondo/?utm_source=rss&utm_medium=rss&utm_campaign=aiyedatiwa-woos-us-investors-to-ondo","en","False","economic conditions and trends, international relations, international trade and world market, finances, politics and government, united states politics and government, oil (petroleum) and gasoline, foreign investments","407","New Telegraph","https://www.newtelegraphng.com"
"49672186","2025-08-27 05:21:40","'Safety, dignity and futures' of SA youth are not for sale","https://www.sanews.gov.za/south-africa/safety-dignity-and-futures-sa-youth-are-not-sale","en","False","labor, women","517","SAnews","https://www.sanews.gov.za"
"49672482","2025-08-27 09:07:59","Arresting the Shortage of Medical Doctors in Zone B: Sen 313 Taking the Bull by the Horns","https://authorityngr.com/2025/08/27/arresting-the-shortage-of-medical-doctors-in-zone-b-sen-313-taking-the-bull-by-the-horns/","en","False","politics and government, elections","374","THE AUTHORITY NEWS","https://authorityngr.com"
"49673399","2025-08-27 10:02:27","Even 2025’s Chaos Couldn’t Keep Brussels From the European August Holiday","https://www.nytimes.com/2025/08/27/world/europe/brussels-august.html","en","False","international relations, news and news media, media, politics and government, united states politics and government, united states international relations","9961","B-Metro","http://www.b-metro.co.zw/"
"49674017","2025-08-27 09:45:26","Sudanese Lay First Bricks to Rebuild Ravaged Capital","https://mwanzotv.com/sudanese-lay-first-bricks-to-rebuild-ravaged-capital/?utm_source=rss&utm_medium=rss&utm_campaign=sudanese-lay-first-bricks-to-rebuild-ravaged-capital","en","False","politics and government","16551","Mwanzo TV","https://mwanzotv.com/"
"49674154","2025-08-27 08:00:13","Kampala property occupancy softens amid rising supply","https://www.independent.co.ug/kampala-property-occupancy-softens-amid-rising-supply/","en","False","economic conditions and trends, renting and leasing, housing","2599","independent.co.ug","http://independent.co.ug/"
"49674152","2025-08-27 09:00:31","A vicious cycle: African leaders and other people’s plans for Africa","https://www.independent.co.ug/a-vicious-cycle-african-leaders-and-other-peoples-plans-for-africa/","en","False","travel and vacations","2599","independent.co.ug","http://independent.co.ug/"
"49674280","2025-08-27 10:26:19","SA Tourism board dismissal reeks of ministerial overreach – Satsa","https://www.moneyweb.co.za/moneyweb-podcasts/moneyweb-midday/sa-tourism-board-dismissal-reeks-of-ministerial-overreach-satsa/","en","False","politics and government","508","Moneyweb","https://www.moneyweb.co.za"
"49674475","2025-08-27 09:03:24","Niger Imposes Visa Restrictions On 5 European Nations In Retaliation Over Travel Barriers","https://westafricaweekly.com/niger-imposes-visa-restrictions-on-5-european-nations-in-retaliation-over-travel-barriers/","en","False","immigration and refugees, international relations, politics and government, travel and vacations, foreign service, identification devices","17051","West Africa Weekly","https://westafricaweekly.com/"
"49675655","2025-08-27 08:55:47","TikTok bans Cyan Boujee, Seemah and others for advertising Russian program","https://briefly.co.za/entertainment/celebrities/223097-cyan-boujee-loses-tiktok-account-18-million-followers-advertising-russian-program/","en","False","advertising and marketing, advertising","496","Briefly SA","https://briefly.co.za"
"49675650","2025-08-27 09:28:34","Politicians mourn the death of veteran journalist Tshidi Madia","https://briefly.co.za/politics/223099-south-africans-send-condolences-journalist-tshidi-madia-dies/","en","False","politics and government","496","Briefly SA","https://briefly.co.za"
"49676258","2025-08-27 06:28:45","Russia and South Africa: Strategic Friendship or Geopolitical Gamble?","https://infobrics.org/en/post/56885/","en","False","international relations, international trade and world market, politics and government, united states international relations","5111","BRICS information portal","https://infobrics.org/"
"49676339","2025-08-27 00:48:37","Somaliland’s future: A Somali perspective on recognition and reconciliation","https://wardheernews.com/somalilands-future-a-somali-perspective-on-recognition-and-reconciliation/","en","False","economic conditions and trends, international relations, politics and government, palestinians","9885","WardheerNews is the place for Somali","http://wardheernews.com/"
"49676535","2025-08-27 05:15:08","$4.2m COVID-19 fraud: Osun Monarch,Oba Joseph Oloyede Jailed For Four Years in US","https://igberetvnews.com/1487452/4-2m-covid-19-fraud-osun-monarchoba-joseph-oloyede-jailed-four-years-us/","en","False","finances, crime and criminals, sentences (criminal), frauds and swindling","337","Igbere TV","https://igberetvnews.com/#forward"
"49676636","2025-08-27 12:07:00","RIP Tshidi Madia: How did ‘Politricking’ journalist die?","https://www.thesouthafrican.com/lifestyle/rip-tshidi-madia-cause-of-death-funeral-latest/","en","False","news and news media, media, politics and government, deaths (obituaries), biographical information","510","News South Africa","https://news.co.za"
"49676633","2025-08-27 11:48:09","Kampala Property Occupancy Softens Amid Rising Supply","https://allafrica.com/stories/202508270542.html","en","False","economic conditions and trends, renting and leasing, housing","4790","Uganda -- Home","https://allafrica.com/uganda/"
"49677030","2025-08-27 12:07:55","RIP Tshidi Madia: ‘Politricking’ journalist dies after short illness","https://www.thesouthafrican.com/lifestyle/rip-tshidi-madia-cause-of-death-funeral-latest/","en","False","news and news media, media, politics and government, deaths (obituaries), biographical information","522","The South African","https://www.thesouthafrican.com"
"49677220","2025-08-27 08:51:05","Sickle cell cured by Shanghai’s revolutionary gene editing tech","https://nairobibusinessmonthly.com/sickle-cell-cured-by-shanghais-revolutionary-gene-editing-tech/?utm_source=rss&utm_medium=rss&utm_campaign=sickle-cell-cured-by-shanghais-revolutionary-gene-editing-tech","en","False","medicine and health, diseases and conditions, research, genetics and heredity, blood","15395","Nairobi Business Monthly","https://www.nairobibusinessmonthly.com"
"49677290","2025-08-27 12:21:48","Feature: Bangladeshis enchanted by China’s cultural treasures from Lingjiatan in photo exhibition","https://africannewsagency.com/feature-bangladeshis-enchanted-by-chinas-cultural-treasures-from-lingjiatan-in-photo-exhibition/","en","False","culture, travel and vacations, art, archaeology and anthropology","529","ANA Africa","https://www.africannewsagency.com"
"49678365","2025-08-27 13:26:15","Ticad 9 Conference Focuses On Economy, Society, and Peace","https://allafrica.com/stories/202508270634.html","en","False","economic conditions and trends, politics and government","4790","Uganda -- Home","https://allafrica.com/uganda/"
"49678675","2025-08-27 14:03:03","North-East Federal State: A Political Initiative That Risks Destabilizing the North","https://wardheernews.com/north-east-federal-state-a-political-initiative-that-risks-destabilizing-the-north/","en","False","politics and government, elections, united states politics and government","9885","WardheerNews is the place for Somali","http://wardheernews.com/"
"49679580","2025-08-27 13:31:45","Shortage of ships from China causing delays in nationwide fuel distribution rollout for Dangote Refinery","https://neusroom.com/shortage-ships-delays-distribution-dangote-refinery/","en","False","international trade and world market, finances, oil (petroleum) and gasoline, trucks and trucking","13112","Neusroom","https://neusroom.com"
"49679693","2025-08-27 14:53:44","US Import Tariffs disrupt global mail deliveries, strands Ghanaian businesses","https://www.myjoyonline.com/us-import-tariffs-disrupt-global-mail-deliveries-strands-ghanaian-businesses/","en","False","international trade and world market, postal service","3036","Joy News","http://myjoyonline.com/"
"49680075","2025-08-27 14:05:43","""How dare we bury Rufai like this?"": Super Eagles legend Sunday Oliseh criticises the government's neglect","https://www.legit.ng/sports/football/1671333-super-eagles-legend-sunday-oliseh-slams-federal-government-over-peter-rufai-burial/","en","False","","222","Legit","https://www.legit.ng"
"49680218","2025-08-27 15:15:37","President Museveni endorsed as NRM flagbearer and National Chairman ahead of 2026 elections","https://www.watchdoguganda.com/news/20250827/182409/president-museveni-endorsed-as-nrm-flagbearer-and-national-chairman-ahead-of-2026-elections.html","en","False","politics and government, elections, united states politics and government","4778","https://www.watchdoguganda.com/","https://www.watchdoguganda.com/"
"49680653","2025-08-27 15:27:07","Investigation Reveals Wagner Group’s Strategic Failures in Mali","https://www.newsghana.com.gh/investigation-reveals-wagner-groups-strategic-failures-in-mali/","en","False","politics and government, armament, defense and military forces, united states armament and defense, terrorism","1073","News Ghana","http://www.newsghana.com.gh/"
"49680687","2025-08-27 15:39:28","Tinubu’s economic policies opposite of Brazil’s – Ex-SDP presidential candidate Adebayo","https://dailypost.ng/2025/08/27/tinubus-economic-policies-opposite-of-brazils-ex-sdp-presidential-candidate-adebayo/","en","False","economic conditions and trends, politics and government, united states politics and government","451","Daily Post Entertainment","https://dailypost.ng/entertainment/"
"49680820","2025-08-27 15:39:28","Tinubu’s economic policies opposite of Brazil’s – Ex-SDP presidential candidate Adebayo","https://dailypost.ng/2025/08/27/tinubus-economic-policies-opposite-of-brazils-ex-sdp-presidential-candidate-adebayo/","en","False","economic conditions and trends, politics and government, united states politics and government","187","Daily Post","https://dailypost.ng"
"49680951","2025-08-27 15:39:28","Tinubu’s economic policies opposite of Brazil’s – Ex-SDP presidential candidate Adebayo","https://dailypost.ng/2025/08/27/tinubus-economic-policies-opposite-of-brazils-ex-sdp-presidential-candidate-adebayo/","en","False","economic conditions and trends, politics and government, elections, united states politics and government","235","Naija News Today","https://www.yohaig.ng"
"49680904","2025-08-27 15:45:31","Dont fall for blackmail, NGO urges Tinubu to back NNPCL boss","https://www.latestnigeriannews.com/p/33194/dont-fall-for-blackmail-ngo-urges-tinubu-to-back-nnpcl-boss.html","en","False","medicine and health","221","Latest Nigerian News ","https://www.latestnigeriannews.com"
"49681030","2025-08-27 12:42:01","Fidelity Bank Plc champions Africa’s export growth at FNITCC Atlanta 2025","https://realnewsmagazine.net/fidelity-bank-plc-champions-africas-export-growth-at-fnitcc-atlanta-2025/","en","False","international trade and world market, finances","284","Realnews Magazine","https://realnewsmagazine.net"
"49682173","2025-08-27 16:24:54","Nexim Bank MD to engage youths on wealth creation","https://thenationonlineng.net/nexim-bank-md-to-engage-youths-on-wealth-creation/","en","False","economic conditions and trends, international trade and world market, politics and government, labor","320","The Nation Newspaper","https://thenationonlineng.net"
"49682205","2025-08-27 15:43:38","ALTERED: This video of President Trump clashing with Rigathi Gachagua is doctored","https://pesacheck.org/altered-this-video-of-president-trump-clashing-with-rigathi-gachagua-is-doctored-f8194656089b?source=rss----ab41f21aa9a9---4","en","False","politics and government, television, recordings (audio), recordings (video)","12696","PesaCheck","https://pesacheck.org/"
"49682406","2025-08-27 16:27:58","Kaduna film festival seeks return of arts, culture ministry","https://nannews.ng/2025/08/27/kaduna-film-festival-seeks-return-of-arts-culture-ministry/?utm_source=rss&utm_medium=rss&utm_campaign=kaduna-film-festival-seeks-return-of-arts-culture-ministry","en","False","festivals, motion pictures","2139","NAN News","http://nannews.ng/"
"49682468","2025-08-27 16:18:53","‘I’m Happy Tinubu Is In Brazil, He Will See How Rough-headed His Policies Are’ – Adebayo","https://www.naijanews.com/2025/08/27/im-happy-tinubu-is-in-brazil-he-will-see-how-rough-headed-his-policies-are-adebayo/","en","False","economic conditions and trends, politics and government, united states politics and government","234","Naija News Today ","https://www.naijanews.com"
"49682645","2025-08-27 03:35:00","Africa’s Fintech Market Set For Rapid Growth As High Remittance Costs, Untapped Merchant Opportunities, And Expanding Markets Fuel Demand For Digital Innovation","https://africa.com/africas-fintech-market-set-for-rapid-growth-as-high-remittance-costs-untapped-merchant-opportunities-and-expanding-markets-fuel-demand-for-digital-innovation/","en","False","finances, computers and the internet, company reports","50","Africa.com","https://africa.com/"
"49683090","2025-08-27 13:25:35","Fidelity Bank Plc champions Africa’s export growth at FNITCC Atlanta 2025","https://sunrise.ng/fidelity-bank-plc-champions-africas-export-growth-at-fnitcc-atlanta-2025/","en","False","international trade and world market","15010","Sunrise News – Sunrise","https://sunrise.ng/"
"49683231","2025-08-27 19:07:07","Mushekwe buried alone in Germany, sparking family controversy","http://bulawayo24.com/news/national/256809","en","False","politics and government","9962","Bulawayo24","http://www.bulawayo24.com/"
"49684092","2025-08-27 19:26:40","Nexim Bank MD To Engage Young Nigerians With Non-Oil Export Opportunities","https://independent.ng/nexim-bank-md-to-engage-young-nigerians-with-non-oil-export-opportunities/","en","False","economic conditions and trends, international trade and world market, politics and government, labor","402","Independent Newspapers Nigeria","https://www.independent.ng"
"49684165","2025-08-27 06:23:50","SA delegation to attend BRICS+ Fashion Summit in Moscow","https://www.citizen.co.za/lifestyle/sa-delegation-to-attend-brics-fashion-summit-in-moscow/","en","False","apparel, trade shows and fairs","15046","Lifestyle | The Citizen","https://www.all4women.co.za/"
"49685032","2025-08-27 21:38:00","The 7,000 Nigerians Stranded In Libya, NiDCOM, And The Worth Of A Nigerian Life (2)","https://independent.ng/the-7000-nigerians-stranded-in-libya-nidcom-and-the-worth-of-a-nigerian-life-2/","en","False","economic conditions and trends, motion pictures","402","Independent Newspapers Nigeria","https://www.independent.ng"
"49685609","2025-08-27 23:00:00","Africa aims to replicate Pakistan's extraordinary solar success","https://african.business/2025/08/energy-resources/africa-aims-to-replicate-pakistans-extraodinary-solar-success","en","False","economic conditions and trends, electric light and power, light, energy and power","12768","African Business","https://african.business/"
"49685862","2025-08-27 06:23:57","BRI: Driving connectivity, stability, and sustainable inclusive growth","https://news.cgtn.com/news/2025-08-27/BRI-Driving-connectivity-stability-and-sustainable-inclusive-growth-1Gb6fBPoNc4/p.html?UTM_Source=cgtn&UTM_Medium=rss&UTM_Campaign=Business","en","False","economic conditions and trends, international trade and world market, politics and government","1717","cgtn.com","http://cgtn.com/"
"49686921","2025-08-27 05:50:17","PIC Perspectives: G20 Dialogues Unlocking the Future","https://www.assettv.co.za/video/pic-perspectives-g20-dialogues-unlocking-future","en","False","","12783","Asset TV South Africa","https://www.assettv.co.za/"
"49688614","2025-08-27 07:53:54","Peter Burugu: Tycoon by name, broke in nature","https://weeklycitizen.co.ke/peter-burugu-tycoon-by-name-broke-in-nature/","en","False","education and schools, finances, suits and litigation, mergers, acquisitions and divestitures","15378","Weekly Citizen – Kenya's Most Authoritative Political Newspaper","https://weeklycitizen.co.ke"
"49688612","2025-08-27 07:58:43","How city business woman Njeri used forged land papers in multimillion Expressway compensation","https://weeklycitizen.co.ke/how-city-business-woman-njeri-used-forged-land-papers-in-multimillion-expressway-compensation/","en","False","finances","15378","Weekly Citizen – Kenya's Most Authoritative Political Newspaper","https://weeklycitizen.co.ke"
"49689081","2025-08-27 14:55:48","Joint venture to build $220m solar panel complex in Suez Canal Economic Zone","https://www.dailynewsegypt.com/2025/08/27/joint-venture-to-build-220m-solar-panel-complex-in-suez-canal-economic-zone/?utm_source=rss&utm_medium=rss&utm_campaign=joint-venture-to-build-220m-solar-panel-complex-in-suez-canal-economic-zone","en","False","international trade and world market, electric light and power, light, energy and power","5321","DailyNews Egypt","http://www.dailynewsegypt.com/"
"49689970","2025-08-27 23:58:57","India’s Enforcement Directorate Raids Gupta Brothers’ Ancestral Home in Saharanpur","https://zambianobserver.com/indias-enforcement-directorate-raids-gupta-brothers-ancestral-home-in-saharanpur/","en","False","finances, politics and government, ethics, frauds and swindling","7914","zambianobserver.com","http://zambianobserver.com/"
"49690346","2025-08-27 23:00:00","Africa aims to replicate Pakistan's extraordinary solar success","https://african.business/2025/08/energy-resources/africa-aims-to-replicate-pakistans-extraodinary-solar-success","en","False","economic conditions and trends, electric light and power, light, energy and power","4924","Google","https://news.google.com/topstories?hl=en-ET&gl=ET&ceid=ET:en"
"49691134","2025-08-27 19:39:24","Comment on Datari Ladejo: From Lagos to Johannesburg, Double Awards for Under-40 CEO by Nigeria Auction","https://www.thisdaylive.com/2025/08/28/datari-ladejo-from-lagos-to-johannesburg-double-awards-for-under-40-ceo/#comment-316017","en","False","economic conditions and trends, politics and government, awards, decorations and honors","324","THISDAYLIVE","https://www.thisdaylive.com"
"49701797","2025-08-27 03:00:00","Why Trump is more dangerous than just being a tyrant","https://mg.co.za/thought-leader/opinion/2025-08-27-why-trump-is-more-dangerous-than-just-being-a-tyrant/","en","False","politics and government","566","Mail & Guardian","https://mg.co.za"
